{
    "rmse": 0.6734677720997767,
    "mae": 0.5277000067158962,
    "r2": 0.24662296155256713
}